date	time	side	name	rail	entry	pts	how	dist	atr	symbol
2026-08-26	11:41	Buy	PDL	29184.00	29191.75	-20.0	stop	7.75	10.77	MNQU6
2026-08-26	11:55	Buy	PDL	29184.00	29192.75	+40.0	tp	8.75	10.36	MNQU6
2026-08-26	12:39	Sell	H4H	29284.00	29280.50	-20.0	stop	3.50	7.14	MNQU6
2026-08-31	14:01	Sell	H1H	29420.00	29413.75	-20.0	stop	6.25	11.05	MNQU6
2026-09-01	11:57	Buy	PDL	29184.00	29185.50	-20.0	stop	1.50	11.48	MNQU6
2026-09-01	14:06	Buy	H1L	29095.50	29101.50	+40.0	tp	6.00	14.96	MNQU6
2026-09-02	14:55	Sell	H4H	29192.50	29178.50	-20.0	stop	14.00	11.16	MNQU6
2026-09-02	15:11	Sell	H1H	29197.25	29193.75	+40.0	tp	3.50	7.75	MNQU6
2026-09-03	12:15	Buy	H1	29488.75	29492.75	+40.0	tp	4.00	8.80	MNQU6
2026-09-04	10:35	Buy	H1	29488.75	29499.00	+40.0	tp	10.25	14.46	MNQU6
2026-09-04	11:19	Buy	H1	29543.00	29544.00	+40.0	tp	1.00	9.25	MNQU6
2026-09-04	12:35	Buy	H1	29488.75	29496.50	-20.0	stop	7.75	9.20	MNQU6
2026-09-04	13:12	Buy	H1	29488.75	29491.75	+40.0	tp	3.00	8.46	MNQU6
2026-09-04	14:37	Sell	H1	29543.00	29538.00	-20.0	stop	5.00	7.23	MNQU6
2026-09-08	10:49	Sell	H1H	29621.00	29613.25	+40.0	tp	7.75	11.89	MNQU6
2026-09-09	12:16	Sell	H1H	29480.50	29472.50	+40.0	tp	8.00	10.73	MNQU6
2026-09-10	11:33	Sell	H4H	29192.50	29186.00	+40.0	tp	6.50	11.20	MNQU6
2026-09-10	12:06	Sell	H1H	29233.25	29229.25	+40.0	tp	4.00	13.79	MNQU6
2026-09-10	12:39	Sell	H4H	29192.50	29178.50	-20.0	stop	14.00	10.82	MNQU6
2026-09-10	14:16	Sell	H1H	29160.25	29151.50	+9.2	eod	8.75	12.11	MNQU6
2026-09-11	10:37	Sell	H1H	29480.50	29467.75	+40.0	tp	12.75	12.54	MNQU6
2026-09-11	14:35	Sell	H4H	29420.00	29416.25	+40.0	tp	3.75	6.11	MNQU6
2026-09-14	11:22	Buy	H4L	29202.50	29205.75	-20.0	stop	3.25	14.30	MNQU6
2026-09-14	11:41	Buy	H4L	29202.50	29205.00	+40.0	tp	2.50	11.29	MNQU6
2026-09-14	12:43	Buy	H4L	29273.50	29284.00	-20.0	stop	10.50	9.39	MNQU6
2026-09-14	13:41	Buy	H4L	29273.50	29277.75	-20.0	stop	4.25	6.64	MNQU6
2026-09-15	10:13	Sell	PDH	29275.25	29262.50	-20.0	stop	12.75	14.82	MNQZ6
2026-09-15	10:24	Sell	H4	29296.00	29287.50	+40.0	tp	8.50	13.05	MNQZ6
2026-09-15	11:29	Sell	H4	29296.00	29285.00	+40.0	tp	11.00	9.59	MNQZ6
2026-09-15	12:28	Sell	H4	29255.50	29248.50	-20.0	stop	7.00	7.95	MNQZ6
2026-09-15	13:01	Buy	H4	29255.50	29266.75	-20.0	stop	11.25	7.64	MNQZ6
2026-09-15	15:36	Sell	PDH	29275.25	29272.75	-4.0	eod	2.50	3.84	MNQZ6
2026-09-16	10:38	Buy	H4	29484.25	29497.25	+40.0	tp	13.00	10.48	MNQZ6
2026-09-16	10:51	Sell	H1	29527.50	29516.50	+40.0	tp	11.00	14.34	MNQZ6
2026-09-16	11:07	Sell	H4	29484.25	29478.25	+40.0	tp	6.00	8.89	MNQZ6
2026-09-17	10:39	Buy	H4	29714.25	29719.50	+40.0	tp	5.25	8.82	MNQZ6
2026-09-17	13:38	Sell	H4	29714.25	29710.75	-20.0	stop	3.50	5.66	MNQZ6
2026-09-17	14:53	Buy	H1	29774.75	29788.00	-20.0	stop	13.25	8.82	MNQZ6
2026-09-17	15:32	Buy	H4	29714.25	29717.00	+2.8	eod	2.75	3.71	MNQZ6
2026-09-18	11:15	Sell	H4	29714.25	29706.75	+40.0	tp	7.50	7.20	MNQZ6
2026-09-18	14:14	Buy	H4	29834.00	29835.00	+40.0	tp	1.00	7.96	MNQZ6
2026-09-21	10:09	Buy	H4	30567.50	30575.50	+40.0	tp	8.00	11.55	MNQZ6
2026-09-21	13:13	Buy	H4	30725.00	30729.25	+40.0	tp	4.25	5.95	MNQZ6
2026-09-22	13:40	Buy	H4	30967.50	30977.00	+40.0	tp	9.50	7.68	MNQZ6
2026-09-23	12:20	Sell	H4	30725.00	30715.75	+40.0	tp	9.25	14.73	MNQZ6
2026-09-24	14:12	Buy	H4	30725.00	30733.50	+40.0	tp	8.50	14.00	MNQZ6
2026-09-24	15:07	Buy	H4	30725.00	30730.50	-20.0	stop	5.50	10.52	MNQZ6
2026-09-24	15:58	Buy	H4	30725.00	30735.75	-0.2	eod	10.75	6.09	MNQZ6
2026-09-25	13:28	Buy	H4	30878.50	30883.00	-20.0	stop	4.50	10.29	MNQZ6
2026-09-28	12:04	Buy	H4	30582.50	30588.75	-20.0	stop	6.25	13.45	MNQZ6
2026-09-28	12:33	Sell	H4	30639.75	30628.25	+40.0	tp	11.50	14.00	MNQZ6
2026-09-28	14:20	Buy	H4	30582.50	30589.25	-20.0	stop	6.75	10.21	MNQZ6
2026-09-29	12:36	Sell	H4	30582.50	30569.75	+40.0	tp	12.75	12.05	MNQZ6
2026-09-29	13:32	Buy	H4	30582.50	30589.00	+40.0	tp	6.50	14.09	MNQZ6
2026-09-29	13:51	Buy	H4	30639.75	30645.50	-20.0	stop	5.75	12.30	MNQZ6
2026-09-29	14:24	Sell	H4	30639.75	30630.75	-20.0	stop	9.00	9.80	MNQZ6
2026-09-30	10:45	Buy	H4	30827.50	30836.75	+40.0	tp	9.25	14.25	MNQZ6
2026-09-30	11:33	Buy	H4	30827.50	30832.75	-20.0	stop	5.25	9.91	MNQZ6
2026-09-30	13:27	Sell	H4	30827.50	30823.00	-20.0	stop	4.50	11.25	MNQZ6
2026-10-01	15:41	Buy	H1	30780.00	30782.25	-20.0	stop	2.25	4.86	MNQZ6
