date	time	side	name	rail	entry	pts	how	hold_dist	atr	symbol
2026-08-24	13:48	Sell	PDL	29184.00	29179.50	+40.0	tp	2.00	9.32	MNQU6
2026-08-25	15:30	Buy	H4H	29300.00	29306.50	-20.0	stop	3.00	5.80	MNQU6
2026-08-26	11:09	Sell	H4L	29220.00	29206.25	-20.0	stop	9.50	13.71	MNQU6
2026-08-26	12:04	Buy	H4L	29220.00	29228.25	+40.0	tp	2.25	10.57	MNQU6
2026-08-26	12:39	Sell	H4H	29284.00	29280.50	-20.0	stop	2.00	7.14	MNQU6
2026-08-26	14:55	Buy	H4H	29284.00	29299.75	+40.0	tp	7.00	13.14	MNQU6
2026-08-31	14:01	Sell	H1H	29420.00	29413.75	-20.0	stop	1.00	11.05	MNQU6
2026-09-01	10:20	Sell	H1L	29202.50	29193.75	-20.0	stop	4.00	12.98	MNQU6
2026-09-01	11:55	Buy	H4L	29160.00	29180.75	-20.0	stop	3.50	13.34	MNQU6
2026-09-01	12:16	Sell	H4L	29160.00	29136.00	-20.0	stop	2.00	12.73	MNQU6
2026-09-01	13:33	Sell	H1L	29095.50	29078.00	+40.0	tp	3.00	10.68	MNQU6
2026-09-01	14:06	Buy	H1L	29095.50	29101.50	+40.0	tp	0.25	14.96	MNQU6
2026-09-02	10:23	Sell	PDL	29184.00	29171.00	-20.0	stop	2.25	14.21	MNQU6
2026-09-02	10:36	Buy	PDL	29184.00	29200.00	-20.0	stop	3.50	12.43	MNQU6
2026-09-02	10:42	Sell	PDL	29184.00	29176.75	+40.0	tp	1.75	11.59	MNQU6
2026-09-02	11:15	Sell	H4H	29192.50	29173.25	+40.0	tp	6.25	10.82	MNQU6
2026-09-02	13:19	Sell	PDL	29184.00	29172.75	+40.0	tp	7.75	11.32	MNQU6
2026-09-02	14:55	Sell	H4H	29192.50	29178.50	-20.0	stop	0.75	11.16	MNQU6
2026-09-02	15:11	Sell	H1H	29197.25	29193.75	+40.0	tp	0.50	7.75	MNQU6
2026-09-03	12:15	Buy	H1	29488.75	29492.75	+40.0	tp	1.75	8.80	MNQU6
2026-09-03	13:00	Buy	H1	29543.00	29562.75	-20.0	stop	0.50	8.93	MNQU6
2026-09-04	10:22	Buy	H1	29488.75	29504.25	-20.0	stop	0.75	14.89	MNQU6
2026-09-04	10:35	Buy	H1	29488.75	29499.00	+40.0	tp	3.00	14.46	MNQU6
2026-09-04	11:19	Buy	H1	29543.00	29544.00	+40.0	tp	0.75	9.25	MNQU6
2026-09-04	12:35	Buy	H1	29488.75	29496.50	-20.0	stop	4.50	9.20	MNQU6
2026-09-04	13:12	Buy	H1	29488.75	29491.75	+40.0	tp	1.00	8.46	MNQU6
2026-09-04	14:37	Sell	H1	29543.00	29538.00	-20.0	stop	2.25	7.23	MNQU6
2026-09-08	10:49	Sell	H1H	29621.00	29613.25	+40.0	tp	7.50	11.89	MNQU6
2026-09-08	12:12	Buy	H1H	29621.00	29623.75	-20.0	stop	2.00	13.55	MNQU6
2026-09-09	12:03	Sell	H1H	29480.50	29460.50	-20.0	stop	8.50	11.48	MNQU6
2026-09-09	12:16	Sell	H1H	29480.50	29472.50	+40.0	tp	1.75	10.73	MNQU6
2026-09-09	13:44	Sell	PDL	29468.25	29466.50	+40.0	tp	1.00	6.66	MNQU6
2026-09-10	11:33	Sell	H4H	29192.50	29186.00	+40.0	tp	5.00	11.20	MNQU6
2026-09-10	12:06	Sell	H1H	29233.25	29229.25	+40.0	tp	2.50	13.79	MNQU6
2026-09-10	12:39	Sell	H4H	29192.50	29178.50	-20.0	stop	2.75	10.82	MNQU6
2026-09-10	12:54	Buy	H4H	29192.50	29194.25	-20.0	stop	0.75	8.62	MNQU6
2026-09-10	14:16	Sell	H1H	29160.25	29151.50	+9.2	eod	4.25	12.11	MNQU6
2026-09-11	10:37	Sell	H1H	29480.50	29467.75	+40.0	tp	4.75	12.54	MNQU6
2026-09-11	11:52	Buy	H4H	29420.00	29423.25	+40.0	tp	1.50	10.93	MNQU6
2026-09-11	12:38	Sell	PDL	29468.25	29463.00	+40.0	tp	1.25	7.95	MNQU6
2026-09-11	13:21	Buy	H4H	29420.00	29426.00	-20.0	stop	5.50	7.70	MNQU6
2026-09-11	14:26	Buy	H4H	29420.00	29425.25	-20.0	stop	0.25	6.55	MNQU6
2026-09-14	11:04	Sell	H1H	29160.25	29143.00	-20.0	stop	3.25	11.54	MNQU6
2026-09-14	11:22	Buy	H4L	29202.50	29205.75	-20.0	stop	1.25	14.30	MNQU6
2026-09-14	11:41	Buy	H4L	29202.50	29205.00	+40.0	tp	0.25	11.29	MNQU6
2026-09-14	12:13	Sell	H4L	29273.50	29255.75	-20.0	stop	8.25	11.12	MNQU6
2026-09-14	12:39	Buy	PDH	29275.25	29284.25	-20.0	stop	2.50	10.50	MNQU6
2026-09-14	13:41	Buy	PDH	29275.25	29277.75	-20.0	stop	1.75	6.64	MNQU6
2026-09-14	13:50	Sell	H4L	29273.50	29267.75	+40.0	tp	2.25	8.05	MNQU6
2026-09-14	14:52	Sell	H4L	29202.50	29196.75	+40.0	tp	1.00	9.38	MNQU6
2026-09-15	10:13	Sell	PDH	29275.25	29262.50	-20.0	stop	5.25	14.82	MNQZ6
2026-09-15	10:24	Sell	H4	29296.00	29287.50	+40.0	tp	2.75	13.05	MNQZ6
2026-09-15	11:29	Sell	H4	29296.00	29285.00	+40.0	tp	0.75	9.59	MNQZ6
2026-09-15	12:28	Sell	H4	29255.50	29248.50	-20.0	stop	2.50	7.95	MNQZ6
2026-09-15	13:01	Buy	H4	29255.50	29266.75	-20.0	stop	2.75	7.64	MNQZ6
2026-09-15	15:10	Buy	PDH	29275.25	29287.75	-20.0	stop	1.00	9.05	MNQZ6
2026-09-15	15:36	Sell	PDH	29275.25	29272.75	-4.0	eod	0.75	3.84	MNQZ6
2026-09-16	10:38	Buy	H4	29484.25	29497.25	+40.0	tp	3.50	10.48	MNQZ6
2026-09-16	10:51	Sell	H1	29527.50	29516.50	+40.0	tp	3.25	14.34	MNQZ6
2026-09-16	11:07	Sell	H4	29484.25	29478.25	+40.0	tp	2.75	8.89	MNQZ6
2026-09-17	10:39	Buy	H4	29714.25	29719.50	+40.0	tp	1.50	8.82	MNQZ6
2026-09-17	13:38	Sell	H4	29714.25	29710.75	-20.0	stop	0.50	5.66	MNQZ6
2026-09-17	14:53	Buy	H1	29774.75	29788.00	-20.0	stop	5.00	8.82	MNQZ6
2026-09-17	15:32	Buy	H4	29714.25	29717.00	+2.8	eod	2.25	3.71	MNQZ6
2026-09-18	11:15	Sell	H4	29714.25	29706.75	+40.0	tp	5.25	7.20	MNQZ6
2026-09-18	14:14	Buy	H4	29834.00	29835.00	+40.0	tp	0.75	7.96	MNQZ6
2026-09-18	14:51	Sell	H1	29882.50	29864.75	-20.0	stop	6.75	8.62	MNQZ6
2026-09-21	10:09	Buy	H4	30567.50	30575.50	+40.0	tp	5.00	11.55	MNQZ6
2026-09-21	10:51	Sell	H4	30634.00	30616.75	-20.0	stop	12.25	9.66	MNQZ6
2026-09-21	13:13	Buy	H4	30725.00	30729.25	+40.0	tp	0.75	5.95	MNQZ6
2026-09-23	12:20	Sell	H4	30725.00	30715.75	+40.0	tp	2.50	14.73	MNQZ6
2026-09-24	14:12	Buy	H4	30725.00	30733.50	+40.0	tp	5.00	14.00	MNQZ6
2026-09-24	15:07	Buy	H4	30725.00	30730.50	-20.0	stop	3.50	10.52	MNQZ6
2026-09-24	15:58	Buy	H4	30725.00	30735.75	-0.2	eod	9.00	6.09	MNQZ6
2026-09-25	13:28	Buy	H4	30878.50	30883.00	-20.0	stop	0.25	10.29	MNQZ6
2026-09-28	12:04	Buy	H4	30582.50	30588.75	-20.0	stop	1.00	13.45	MNQZ6
2026-09-28	12:33	Sell	H4	30639.75	30628.25	+40.0	tp	2.50	14.00	MNQZ6
2026-09-28	13:40	Buy	H4	30582.50	30598.00	+40.0	tp	2.50	11.61	MNQZ6
2026-09-28	14:20	Buy	H4	30582.50	30589.25	-20.0	stop	6.00	10.21	MNQZ6
2026-09-29	12:36	Sell	H4	30582.50	30569.75	+40.0	tp	4.25	12.05	MNQZ6
2026-09-29	13:32	Buy	H4	30582.50	30589.00	+40.0	tp	6.00	14.09	MNQZ6
2026-09-29	13:51	Buy	H4	30639.75	30645.50	-20.0	stop	0.75	12.30	MNQZ6
2026-09-29	14:24	Sell	H4	30639.75	30630.75	-20.0	stop	1.50	9.80	MNQZ6
2026-09-30	10:45	Buy	H4	30827.50	30836.75	+40.0	tp	6.75	14.25	MNQZ6
2026-09-30	11:33	Buy	H4	30827.50	30832.75	-20.0	stop	2.00	9.91	MNQZ6
2026-09-30	13:27	Sell	H4	30827.50	30823.00	-20.0	stop	1.25	11.25	MNQZ6
2026-10-01	15:41	Buy	H1	30780.00	30782.25	-20.0	stop	2.00	4.86	MNQZ6
2026-10-02	12:06	Sell	H4	31094.75	31068.50	+40.0	tp	0.50	13.43	MNQZ6
